workload,variant,structure,n,time_ms,steps,moves,comparisons
W1,-,DynamicArray,100,0.0200,10000,0,0
W1,-,MyLinkedList,100,0.3916,255745,0,0
W2,-,DynamicArray,100,0.0722,75248,0,75248
W2,-,MyLinkedList,100,0.1945,75248,0,75248
W3,head,DynamicArray,100,0.6843,1000,1200920,0
W3,middle,DynamicArray,100,0.7188,1000,1100920,0
W3,head,MyLinkedList,100,0.0223,1000,6000,0
W3,middle,MyLinkedList,100,0.2352,100999,6000,0
W4,-,MinHeap,100,0.0039,718,1237,1035
W1,-,DynamicArray,1000,0.0198,10000,0,0
W1,-,MyLinkedList,1000,5.2337,2497236,0,0
W2,-,DynamicArray,1000,0.6476,740342,0,740342
W2,-,MyLinkedList,1000,1.8828,740342,0,740342
W3,head,DynamicArray,1000,1.7221,1000,3000024,0
W3,middle,DynamicArray,1000,1.0967,1000,2000024,0
W3,head,MyLinkedList,1000,0.0256,1000,6000,0
W3,middle,MyLinkedList,1000,2.1476,1000999,6000,0
W4,-,MinHeap,1000,0.0800,10732,19209,17226
W1,-,DynamicArray,10000,0.0307,10000,0,0
W1,-,MyLinkedList,10000,52.6545,25125062,0,0
W2,-,DynamicArray,10000,5.2061,7460694,0,7460694
W2,-,MyLinkedList,10000,16.9102,7460694,0,7460694
W3,head,DynamicArray,10000,10.8674,1000,20999000,0
W3,middle,DynamicArray,10000,4.6137,1000,10999000,0
W3,head,MyLinkedList,10000,0.0144,1000,6000,0
W3,middle,MyLinkedList,10000,21.6546,10000999,6000,0
W4,-,MinHeap,10000,1.1768,140968,265471,239329
W1,-,DynamicArray,100000,0.0589,10000,0,0
W1,-,MyLinkedList,100000,549.5880,248937696,0,0
W2,-,DynamicArray,100000,61.7934,73970266,0,73970266
W2,-,MyLinkedList,100000,193.0198,73970266,0,73970266
W3,head,DynamicArray,100000,94.0686,1000,200999000,0
W3,middle,DynamicArray,100000,43.5512,1000,100999000,0
W3,head,MyLinkedList,100000,0.0156,1000,6000,0
W3,middle,MyLinkedList,100000,223.9319,100000999,6000,0
W4,-,MinHeap,100000,15.2357,1743399,3287423,3059125
